6AV6 647-0AH11-3AX0,IHM,N/A
6AV2 123-2DB03-0AX0,IHM,N/A
6AV6 647-0AA11-3AX0,IHM,N/A
6AV6 647-0AK11-3AX0,IHM,N/A
6AV6 647-0AJ11-3AX0,IHM,N/A
6AV6 647-0AB11-3AX0,IHM,N/A
6AV6 647-0AC11-3AX0,IHM,N/A
6AV6 647-0AD11-3AX0,IHM,N/A
6AV2 123-2GA03-0AX0,IHM,N/A
6AV2 123-2GB03-0AX0,IHM,N/A
6AV2 123-2JB03-0AX0,IHM,N/A
6AV6 647-0AE11-3AX0,IHM,N/A
6AV6 647-0AF11-3AX0,IHM,N/A
6AV2 123-2MA03-0AX0,IHM,N/A
6AV2 123-2MB03-0AX0,IHM,N/A
6AV6 647-0AG11-3AX0,IHM,N/A
6AV2 124-2DC01-0AX0,IHM,N/A
6AV2 124-1DC01-0AX0,IHM,N/A
6AV2 144-8GC20-0AA0,IHM,N/A
6AV2 124-0GC01-0AX0,IHM,N/A
6AV2 124-0GC13-0AX0,IHM,N/A
6AV2 124-1GC01-0AX0,IHM,N/A
6AV2 124-0JC01-0AX0,IHM,N/A
6AV2 124-1JC01-0AX0,IHM,N/A
6AV2 144-8JC20-0AA0,IHM,N/A
6AV2 124-0MC01-0AX0,IHM,N/A
6AV2 124-0MC24-0AX0,IHM,N/A
6AV2 124-0MC24-0BX0,IHM,N/A
6AV2 124-0MC24-1AX0,IHM,N/A
6AV2 144-8MC20-0AA0,IHM,N/A
6AV2 124-0QC02-0AX1,IHM,N/A
6AV2 124-0QC02-0AX0,IHM,N/A
6AV2 124-0QC13-0AX0,IHM,N/A
6AV2 124-0QC24-0AX0,IHM,N/A
6AV2 124-0QC24-0BX0,IHM,N/A
6AV2 124-0QC24-1AX0,IHM,N/A
6AV2 124-1QC02-0AX0,IHM,N/A
6AV2 124-1QC02-0AX1,IHM,N/A
6AV2 124-0UC02-0AX0,IHM,N/A
6AV2 124-0UC02-0AX1,IHM,N/A
6AV2 124-0XC02-0AX0,IHM,N/A
6AV2 124-0XC24-0AX0,IHM,N/A
6AV2 124-0XC24-0BX0,IHM,N/A
6AV2 124-0XC24-1AX0,IHM,N/A
