6ES7 131-6BF00-0AA0,DI,N/A
6ES7 132-6BD20-0BA0,DO,N/A
6ES7 521-1BH10-0AA0,DI,N/A
6ES7 521-1BH00-0AB0,DI,N/A
6AG1 521-1BH00-7AB0,DI,N/A
6ES7 521-1BH50-0AA0,DI,N/A
6AG1 521-1BH50-7AA0,DI,N/A
6ES7 521-1BL10-0AA0,DI,N/A
6ES7 521-1BL00-0AB0,DI,N/A
6AG1 521-1BL00-7AB0,DI,N/A
6ES7 521-7EH00-0AB0,DI,N/A
6AG1 521-7EH00-7AB0,DI,N/A
6ES7 521-1FH00-0AA0,DI,N/A
6AG1 521-1FH00-7AA0,DI,N/A
6ES7 526-1BH00-0AB0,DI,N/A
6ES7 522-1BF00-0AB0,DO,N/A
6AG1 522-1BF00-7AB0,DO,N/A
6ES7 522-1BH00-0AB0,DO,N/A
6AG1 522-1BH00-7AB0,DO,N/A
6ES7 522-1BH01-0AB0,DO,N/A
6AG1 522-1BH01-7AB0,DO,N/A
6ES7 522-1BL10-0AA0,DO,N/A
6ES7 522-1BL00-0AB0,DO,N/A
6AG1 522-1BL00-7AB0,DO,N/A
6ES7 522-1BL01-0AB0,DO,N/A
6AG1 522-1BL01-7AB0,DO,N/A
6ES7 522-5EH00-0AB0,DO,N/A
6AG1 522-5EH00-7AB0,DO,N/A
6ES7 522-5FF00-0AB0,DO,N/A
6AG1 522-5FF00-7AB0,DO,N/A
6ES7 522-5HF00-0AB0,DO,N/A
6AG1 522-5HF00-2AB0,DO,N/A
6ES7 522-5FH00-0AB0,DO,N/A
6AG1 522-5FH00-7AB0,DO,N/A
6ES7 522-5HH00-0AB0,DO,N/A
6AG1 522-5HH00-7AB0,DO,N/A
6ES7 526-2BF00-0AB0,DO,N/A
6ES7 132-6BD20-0CA0,DO,N/A
6ES7 132-6BD20-0DA0,DO,N/A
6ES7 132-6BF00-0AA0,DO,N/A
6ES7 132-6BF01-0AA0,DO,N/A
6ES7 132-6BF00-0BA0,DO,N/A
6ES7 132-6BF01-0BA0,DO,N/A
6ES7 132-6BF00-0CA0,DO,N/A
6ES7 132-6BF60-0AA0,DO,N/A
6ES7 132-6BF61-0AA0,DO,N/A
6ES7 132-6BH00-0BA0,DO,N/A
6ES7 132-6BH01-0BA0,DO,N/A
6ES7 132-6FD00-0BB1,DO,N/A
6ES7 132-6FD00-0CU0,DO,N/A
6ES7 132-6GD50-0BA0,DO,N/A
6ES7 132-6GD51-0BA0,DO,N/A
6ES7 132-6HD00-0BB0,DO,N/A
6ES7 132-6HD00-0BB1,DO,N/A
6ES7 132-6HD01-0BB1,DO,N/A
6ES7 132-6MD00-0BB1,DO,N/A
6ES7 136-6RA00-0BF0,DO,N/A
6ES7 136-6DB00-0CA0,DO,N/A
6ES7 136-6DC00-0CA0,DO,N/A
6ES7 131-6BF01-0BA0,DI,N/A
6ES7 131-6BF01-0AA0,DI,N/A
6ES7 131-6BF00-0BA0,DI,N/A
6ES7 131-6BF00-0CA0,DI,N/A
6ES7 131-6BF00-0DA0,DI,N/A
6ES7 131-6BH00-0BA0,DI,N/A
6ES7 131-6BH01-0BA0,DI,N/A
6ES7 131-6BF60-0AA0,DI,N/A
6ES7 131-6BF61-0AA0,DI,N/A
6ES7 131-6CF00-0AU0,DI,N/A
6ES7 131-6FD00-0BB1,DI,N/A
6ES7 131-6FD01-0BB1,DI,N/A
6ES7 131-6TF00-0CA0,DI,N/A
6ES7 136-6BA00-0CA0,DI,N/A
