6ES7 155-6AU01-0BN0,REMOTAS,N/A
6ES7 511-1AK00-0AB0,CONTROLLERS,N/A
6ES7 511-1AK01-0AB0,CONTROLLERS,N/A
6ES7 511-1AK02-0AB0,CONTROLLERS,N/A
6ES7 511-1CK00-0AB0,CONTROLLERS,N/A
6ES7 511-1CK01-0AB0,CONTROLLERS,N/A
6ES7 512-1CK00-0AB0,CONTROLLERS,N/A
6ES7 512-1CK01-0AB0,CONTROLLERS,N/A
6ES7 513-1AL00-0AB0,CONTROLLERS,N/A
6ES7 513-1AL01-0AB0,CONTROLLERS,N/A
6ES7 513-1AL02-0AB0,CONTROLLERS,N/A
6ES7 515-2AM00-0AB0,CONTROLLERS,N/A
6ES7 515-2AM01-0AB0,CONTROLLERS,N/A
6ES7 516-3AN00-0AB0,CONTROLLERS,N/A
6ES7 516-3AN01-0AB0,CONTROLLERS,N/A
6ES7 517-3AP00-0AB0,CONTROLLERS,N/A
6ES7 518-4AP00-0AB0,CONTROLLERS,N/A
6ES7 518-4AP00-3AB0,CONTROLLERS,N/A
6ES7 518-4AX00-1AB0,CONTROLLERS,N/A
6ES7 511-1FK00-0AB0,CONTROLLERS,N/A
6ES7 511-1FK01-0AB0,CONTROLLERS,N/A
6ES7 511-1FK02-0AB0,CONTROLLERS,N/A
6ES7 513-1FL00-0AB0,CONTROLLERS,N/A
6ES7 513-1FL01-0AB0,CONTROLLERS,N/A
6ES7 513-1FL02-0AB0,CONTROLLERS,N/A
6ES7 515-2FM00-0AB0,CONTROLLERS,N/A
6ES7 515-2FM01-0AB0,CONTROLLERS,N/A
6ES7 516-3FN00-0AB0,CONTROLLERS,N/A
6ES7 516-3FN01-0AB0,CONTROLLERS,N/A
6ES7 517-3FP00-0AB0,CONTROLLERS,N/A
6ES7 518-4FP00-0AB0,CONTROLLERS,N/A
6ES7 518-4FP00-3AB0,CONTROLLERS,N/A
6ES7 518-4FX00-1AB0,CONTROLLERS,N/A
6ES7 511-1TK01-0AB0,CONTROLLERS,N/A
6ES7 515-2TM01-0AB0,CONTROLLERS,N/A
6ES7 516-3TN00-0AB0,CONTROLLERS,N/A
6ES7 517-3TP00-0AB0,CONTROLLERS,N/A
6ES7 511-1UK01-0AB0,CONTROLLERS,N/A
6ES7 515-2UM01-0AB0,CONTROLLERS,N/A
6ES7 516-3UN00-0AB0,CONTROLLERS,N/A
6ES7 517-3UP00-0AB0,CONTROLLERS,N/A